[
  {
    "id": "68d6c3b653757",
    "nome": "McLaren",
    "piloto1": "Lando Norris",
    "piloto2": "Oscar Piastri",
    "motor": "Mercedes",
    "cor": "#ff8000",
    "logo": "McLarenLogo.png",
    "carro": "McLarenCarro.avif"
  },
  {
    "id": "68d6bf3a30678",
    "nome": "Mercedes",
    "piloto1": "George Russel",
    "piloto2": "Kimi Antonelli",
    "motor": "Mercedes",
    "cor": "#00ffff",
    "logo": "MercedesLogo.webp",
    "carro": "MercedesCarro.avif"
  },
  {
    "id": "68d6c4f5a6ba2",
    "nome": "Red Bull Racing",
    "piloto1": "Max Verstappen",
    "piloto2": "Yuki Tsunoda",
    "motor": "Honda",
    "cor": "#000040",
    "logo": "RedBullRacingLogo.png",
    "carro": "RedBullRacingCarro.avif"
  },
  {
    "id": "68d6c442756eb",
    "nome": "Ferrari",
    "piloto1": "Charles Leclerc",
    "piloto2": "Lewis Hamilton",
    "motor": "Ferrari",
    "cor": "#ff0000",
    "logo": "FerrariLogo.png",
    "carro": "FerrariCarro.avif"
  },
  {
    "id": "68d6c2e9a132c",
    "nome": "Aston Martin",
    "piloto1": "Fernando Alonso",
    "piloto2": "Lance Stroll",
    "motor": "Mercedes",
    "cor": "#008080",
    "logo": "AstonMartinLogo.png",
    "carro": "AstonMartinCarro.avif"
  },

  {
    "id": "68d6c6023a977",
    "nome": "Williams Racing",
    "piloto1": "Alexander Albon",
    "piloto2": "Carlos Sainz",
    "motor": "Mercedes",
    "cor": "#0000ff",
    "logo": "WilliamsRacingLogo.png",
    "carro": "WilliamsRacingCarro.avif"
  }
]
